Id,Email,FullName,Age,Gender
0,user-0@simulator.amazonses.com,Amos Emmerich,50,male
1,user-1@simulator.amazonses.com,Erika Trantow,91,female
2,user-2@simulator.amazonses.com,Misty Glover PhD,41,male
3,user-3@simulator.amazonses.com,Joann Abshire,30,female
4,user-4@simulator.amazonses.com,Sherman Herman,28,other
5,user-5@simulator.amazonses.com,Leah Johnson,66,other
6,user-6@simulator.amazonses.com,Amelia McClure,70,male
7,user-7@simulator.amazonses.com,Bryant Mohr,18,other
8,user-8@simulator.amazonses.com,Madeline Schumm,39,female
9,user-9@simulator.amazonses.com,Dr. Delbert Torp,51,male
